3P0I4CQYVZ75X9CDANBHVTII2PXOWW	A2BLRE3Z0JM4ME	[["remote detonators","destroy heavily armored"],["American service members"],["year 's death toll"],["been more"," difficult"]]	[[20,37,65,88],[90,114],[69,87],[29,38,38,48]]	["where is that?","omg what?????","ddd what wfw","what efwfwfw","more ??????","?????????????","???????????"]
3P0I4CQYVZ75X9CDANBHVTII2PXOWW	A2BLRE3Z0JM4ME	[["remote detonators","destroy heavily armored"],["American service members"],["year 's death toll"],["been more"," difficult"]]	[[20,37,65,88],[90,114],[69,87],[29,38,38,48]]	["where is that?","omg what?????","ddd what wfw","what efwfwfw","more ??????","?????????????","???????????"]
3V0TR1NRVB24M3ZSQY0GZ6FMTGZ4AY	A2BLRE3Z0JM4ME	[["rebuild Iraq","effort will begin","over to the United"],["Contracting Office"],["criticism that the reconstruction"],["Iraqi government"]]	[[70,82,163,180,210,228],[60,78],[61,94],[67,83]]	["what????????","??????????????","?????????????","????????????????","???????????????","what?????????","????????????"]
3P0I4CQYVZ75X9CDANBHVTII2PXOWW	A2BLRE3Z0JM4ME	[["remote detonators","destroy heavily armored"],["American service members"],["year 's death toll"],["been more"," difficult"]]	[[20,37,65,88],[90,114],[69,87],[29,38,38,48]]	["where is that?","omg what?????","ddd what wfw","what efwfwfw","more ??????","?????????????","???????????"]
3V0TR1NRVB24M3ZSQY0GZ6FMTGZ4AY	A2BLRE3Z0JM4ME	[["rebuild Iraq","effort will begin","over to the United"],["Contracting Office"],["criticism that the reconstruction"],["Iraqi government"]]	[[70,82,163,180,210,228],[60,78],[61,94],[67,83]]	["what????????","??????????????","?????????????","????????????????","???????????????","what?????????","????????????"]
3P0I4CQYVZ75X9CDANBHVTII2PXOWW	A2BLRE3Z0JM4ME	[["remote detonators","destroy heavily armored"],["American service members"],["year 's death toll"],["been more"," difficult"]]	[[20,37,65,88],[90,114],[69,87],[29,38,38,48]]	["where is that?","omg what?????","ddd what wfw","what efwfwfw","more ??????","?????????????","???????????"]
3V0TR1NRVB24M3ZSQY0GZ6FMTGZ4AY	A2BLRE3Z0JM4ME	[["rebuild Iraq","effort will begin","over to the United"],["Contracting Office"],["criticism that the reconstruction"],["Iraqi government"]]	[[70,82,163,180,210,228],[60,78],[61,94],[67,83]]	["what????????","??????????????","?????????????","????????????????","???????????????","what?????????","????????????"]
3V0TR1NRVB24M3ZSQY0GZ6FMTGZ4AY	A2BLRE3Z0JM4ME	[["rebuild Iraq","effort will begin","over to the United"],["Contracting Office"],["criticism that the reconstruction"],["Iraqi government"]]	[[70,82,163,180,210,228],[60,78],[61,94],[67,83]]	["what????????","??????????????","?????????????","????????????????","???????????????","what?????????","????????????"]
3UV0D2KX1NJZIUG01EM8D7QDQWL4FK	A2BLRE3Z0JM4ME	[["estate sale shortly","moved to Albuquerque","women 's suits from"],["was n't a button","not a stain"],["however"]]	[[82,101,112,132,156,175],[6,22,55,66],[17,24]]	["????????????","where????????","where?????????","what button","stain??????","jiji where"]
